,Indicator,ATH,CLOSERATIO,RED,ORANGE,GREEN,Current
161,NANOUSDT,17.7,0.013913814581002005,9.02152380952381,4.510761904761905,2.2553809523809525,2.224
